0.953, capital-loss: 0
0.917, capital-gain: 0
0.896, native-country: United-States
0.870, capital-loss: 0,capital-gain: 0
0.854, race: White
0.854, capital-loss: 0,native-country: United-States
0.820, native-country: United-States,capital-gain: 0
0.813, capital-loss: 0,race: White
0.787, native-country: United-States,race: White
0.780, race: White,capital-gain: 0
0.778, capital-loss: 0,native-country: United-States,capital-gain: 0
0.759,  <=50K
0.748, capital-loss: 0,native-country: United-States,race: White
0.739, capital-loss: 0,race: White,capital-gain: 0
0.736, capital-loss: 0, <=50K
0.727,  <=50K,capital-gain: 0
0.718, native-country: United-States,race: White,capital-gain: 0
0.704, capital-loss: 0, <=50K,capital-gain: 0
0.697, workclass: Private
0.679, capital-loss: 0,native-country: United-States,race: White,capital-gain: 0
0.676, native-country: United-States, <=50K
0.669, sex: Male
0.667, workclass: Private,capital-loss: 0
0.655, capital-loss: 0, <=50K,native-country: United-States
0.647, native-country: United-States, <=50K,capital-gain: 0
0.644, workclass: Private,capital-gain: 0
0.636,  <=50K,race: White
0.634, capital-loss: 0,sex: Male
0.626, capital-loss: 0,native-country: United-States, <=50K,capital-gain: 0
0.618, workclass: Private,native-country: United-States
0.616, capital-loss: 0, <=50K,race: White
0.614, workclass: Private,capital-loss: 0,capital-gain: 0
0.608,  <=50K,race: White,capital-gain: 0
0.605, capital-gain: 0,sex: Male
0.599, native-country: United-States,sex: Male
0.596, workclass: Private,race: White
0.591, workclass: Private,native-country: United-States,capital-loss: 0
0.589, race: White,sex: Male
0.588, capital-loss: 0, <=50K,race: White,capital-gain: 0
0.581, native-country: United-States, <=50K,race: White
0.570, workclass: Private,native-country: United-States,capital-gain: 0
0.570, capital-loss: 0,sex: Male,capital-gain: 0
0.569, workclass: Private,capital-loss: 0,race: White
0.567, capital-loss: 0,native-country: United-States,sex: Male
0.562, capital-loss: 0, <=50K,native-country: United-States,race: White
0.557, capital-loss: 0,race: White,sex: Male
0.556, native-country: United-States, <=50K,race: White,capital-gain: 0
0.549, workclass: Private,race: White,capital-gain: 0
0.545, workclass: Private, <=50K
0.544, workclass: Private,native-country: United-States,race: White
0.542, workclass: Private,native-country: United-States,capital-loss: 0,capital-gain: 0
0.542, native-country: United-States,race: White,sex: Male
0.540, native-country: United-States,capital-gain: 0,sex: Male
0.537, capital-gain: 0,capital-loss: 0, <=50K,native-country: United-States,race: White
0.531, race: White,capital-gain: 0,sex: Male
0.529, workclass: Private,capital-loss: 0, <=50K
0.523, workclass: Private, <=50K,capital-gain: 0
0.522, workclass: Private,capital-loss: 0,race: White,capital-gain: 0
0.519, workclass: Private,native-country: United-States,capital-loss: 0,race: White
0.512, capital-loss: 0,native-country: United-States,race: White,sex: Male
0.508, capital-loss: 0,native-country: United-States,sex: Male,capital-gain: 0
0.508, workclass: Private,capital-loss: 0, <=50K,capital-gain: 0
0.500, workclass: Private,native-country: United-States,race: White,capital-gain: 0
